"daniel","Pokemon1!","daniel lim","6","200","0"
"ghkdtkdans","aA1!zzzz","sangmoon","4","300","0"
"Amak1020","Abcdef1!","asdnsdkfjn","6","400","0"
"Demo01","Dem@Us3R01","demo","0","10000","11"
"Demo02","Dem@Us3R02","demo","0","10000","11"
"Demo03","Dem@Us3R03","demo","0","13000","13"
"Demo04","Dem@Us3R04","demo","0","14000","14"
"Demo05","Dem@Us3R05","demo","0","16000","15"
"Demo06","Dem@Us3R06","demo","0","16000","16"
"Demo07","Dem@Us3R07","demo","0","16000","15"
"Demo08","Dem@Us3R08","demo","0","9000","10"
"Demo09","Dem@Us3R09","demo","0","11000","11"
"Demo10","Dem@Us3R10","demo","0","12000","12"
"david252","Pool!205","David Cho","3","2300","2"
"l","l","l","9","54000","50"
